{"resourceType":"ValueSet","id":"us-core-provider-specialty","text":{"status":"generated","div":"<div xmlns=\"http://www.w3.org/1999/xhtml\"><h2>US Core Provider Speciality (NUCC)</h2><div><p>Provider speciality roles codes which are composed of the NUCC Health Care Provider Taxonomy Code Set for providers</p>\n</div><p><b>Copyright Statement:</b> This value set includes content from NUCC Health Care Provider Taxonomy Code Set for providers which is copyright © 2016+ American Medical Association.  For commercial use, including sales or licensing, a license must be obtained.</p><p>This value set includes codes from the following code systems:</p><ul><li>Include all codes defined in http://nucc.org/provider-taxonomy</li></ul></div>"},"url":"http://hl7.org/fhir/us/core/ValueSet/us-core-provider-specialty","name":"US Core Provider Speciality (NUCC)","status":"draft","date":"2016-08-10","publisher":"HL7 US Realm Steering Committee","contact":[{"telecom":[{"system":"other","value":"http://hl7.org/fhir"}]}],"description":"Provider speciality roles codes which are composed of the NUCC Health Care Provider Taxonomy Code Set for providers","copyright":"This value set includes content from NUCC Health Care Provider Taxonomy Code Set for providers which is copyright © 2016+ American Medical Association.  For commercial use, including sales or licensing, a license must be obtained.","compose":{"include":[{"system":"http://nucc.org/provider-taxonomy"}]}}